<?xml version="1.0"?>
<xml xmlns:rs='urn:schemas-microsoft-com:rowset' xmlns:z='#RowsetSchema'>
<Settings>

	<Network>

		<Server></Server>

		<Database></Database>

		<HadoopDSN></HadoopDSN>

	</Network>

	<Read_Write_TBL>

		<BMM></BMM>

		<BMB></BMB>

		<Unmapped></Unmapped>

		<ZeroRevenue></ZeroRevenue>

		<DisputeStaging></DisputeStaging>

		<EmailExtract></EmailExtract>

		<PCI></PCI>

		<PCI_BMB></PCI_BMB>

		<PCI_Unmapped></PCI_Unmapped>

		<PCI_ZeroRevenue></PCI_ZeroRevenue>

	</Read_Write_TBL>

	<Read_TBL>

		<PaperCost></PaperCost>

		<MRC></MRC>

		<MRC_CMP></MRC_CMP>

		<OCC></OCC>

		<BMI></BMI>

		<Limitations></Limitations>

		<Invoice_Summary></Invoice_Summary>

		<CAT_Emp></CAT_Emp>

		<Cus_Inv_Schema></Cus_Inv_Schema>

	</Read_TBL>
	
	<CAT_Workbook>

		<BMIPCI_Review>

			<Action>
				<z:row Action='Map' Required_Columns='Source_TBL,Source_ID,Gs_ServType,Gs_ServID' />
				<z:row Action='Dispute' Required_Columns='Source_TBL,Source_ID,Action_Reason,Claim_Channel,Confidence' />
				<z:row Action='Send to Prov' Required_Columns='Source_TBL,Source_ID,Action_Reason,PON,Macnum,Prov_Category,Prov_Recomendation,Prov_Norm_Reason,Prov_Sub_Reason' />
				<z:row Action='Send to LV' Required_Columns='Source_TBL,Source_ID,Action_Reason,Macnum' />
				<z:row Action='Open Inquiry' Required_Columns='Source_TBL,Source_ID,Action_Comment' />
				<z:row Action='Inconclusive' Required_Columns='Source_TBL,Source_ID,Action_Comment' />
				<z:row Action='Send to Audit' Required_Columns='Source_TBL,Source_ID,Action_Comment' />
				<z:row Action='Dispute Note' Required_Columns='Source_TBL,Source_ID,Action_Norm_Reason,Action_Reason' />
				<z:row Action='Close Disputes' Required_Columns='Source_TBL,Source_ID,Action_Norm_Reason,Action_Reason' />
				<z:row Action='Escalate Disputes' Required_Columns='Source_TBL,Source_ID,Action_Reason' />
				<z:row Action='Paid Disputes' Required_Columns='Source_TBL,Source_ID,Amount,Credit_Invoice_Date' />
			</Action>

			<Action-Dispute_Note-Val>Email Julia, Email LV, Email LEC, Email Prov, Email Premier, Added to Conference Call, No Action, Escalated to GRT Management, Waiting, CAT Inquiry, Sent to Prov, Sent to LV, Internal Inquiry, Escalated, SOA Credit</Action-Dispute_Note-Val>

			<Action-Close_Disputes-Val>Not reviewed in time, Charges Valid-Granite error, Charges Valid-ILEC info, Beyond dispute limitation, Dispute Closed due to Froniter Settlement June 2015, Submitting through other channels, Closed for lack of acknowledgement</Action-Close_Disputes-Val>

			<Gs_ServType>LL, BRD, DED, TF, LD</Gs_ServType>

			<Claim_Channel>STC, Email</Claim_Channel>

			<Confidence>A, B, C</Confidence>

			<Prov_Category>Correct Cornerstone, Place Order, Work with LEC, Inconclusive</Prov_Category>

			<Prov_Recomendation>Add line/feature to Cornerstone, Correct TN Mismatch, Misc Ticket to Remove End Date, Place Disconnect Order, PON Clarification</Prov_Recomendation>

			<Prov_Norm_Reason>Conversion Error, LEC/Cornerstone Mismatch, Erroneous End Date, Failed Disconnect, Pon Clarification</Prov_Norm_Reason>

			<Prov_Sub_Reason>Broadband, BTN Change, Centrex, Conversion Error, Directory Listing, Disco Restructure, DSL, Erroneous End Date, Hunting Change, New Install, NPU, Personalized Ring, PON Clarification, POTS, Pre-Conversion Error, Private Line, RCF Conversion, Reinstate Error, RPON, TN Swap, Trunks</Prov_Sub_Reason>
		
		</BMIPCI_Review>

		<Seed_Disputes>

			<Required_Columns>Dispute_Type, Cost_Type, Cost_Type_Seed, Dispute_Category, Audit_Type, Confidence, Dispute_Reason</Required_Columns>

			<Dispute_Type>GRT, Email</Dispute_Type>

			<Cost_Type>MRC, OCC, TAS, USAGE, LPC, ADJ, PC-MRC, PC-FRAC, PC-NRC, PC-USAGE, PC-ADJ, PC-TAS, PC-LPC</Cost_Type>

			<Dispute_Category>GRT Price_Variance, GRT CNR, GRT LPC, GRT Quantity_Variance, GRT RAT Dispute, GRT LV Dispute</Dispute_Category>

		
			<Audit_Type>Contract Rate Audit, Construction Audit, Account Balance Audit, CNR Audit, Multibilled Audit, NRC Rate Audit, Price Change Audit, Resale Discount Audit, Resale LPIC Audit, UDR Audit, Bad TN &#x26; CID, Tax Audit, LD Usage Audit, LPC Audit, Auto Attendant Audit, Verizon SIP GW RCF MRC Rate Audit, Covad Dispatch Audit, CAN CNR, Telus MRC Audit, GraniteTEM, HiCap MasterCost, POTS Dispatch Audit, NRC Audit, Verizon SIP GW RCF OCC Rate Audit, ADHOC, ILEC Dispute Ticket, Invoice Review, Close Review, Denied - Pending Review, Conference Call Request, Management Request, ADS Margin, ETF Audit</Audit_Type>

			<Confidence>A, B, C</Confidence>

			<Record_Type>MRC, FRAC, NRC, USAGE, LPC, TAS</Record_Type>

			<Short_Paid>Yes, No</Short_Paid>

			<Dispute_Status>Escalate, Acknowledged, Denied - Pending, Partial Approved, Approved, Denied - Closed, Paid</Dispute_Status>

		</Seed_Disputes>

		<Non-Seed_Disputes>

			<Required_Columns>Dispute_Type, Record_Type, BAN, Bill_Date, Billed_Amt, Dispute_Amt, Dispute_Category, Audit_Type, Confidence, Dispute_Reason</Required_Columns>

			<Dispute_Type>GRT, Email</Dispute_Type>

			<Dispute_Category>GRT Price_Variance, GRT CNR, GRT LPC, GRT Quantity_Variance, GRT RAT Dispute, GRT LV Dispute</Dispute_Category>
<!--
-->
			<Audit_Type>Contract Rate Audit, Construction Audit, Account Balance Audit, CNR Audit, Multibilled Audit, NRC Rate Audit, Price Change Audit, Resale Discount Audit, Resale LPIC Audit, UDR Audit, Bad TN &#x26; CID, Tax Audit, LD Usage Audit, LPC Audit, Auto Attendant Audit, Verizon SIP GW RCF MRC Rate Audit, Covad Dispatch Audit, CAN CNR, Telus MRC Audit, GraniteTEM, HiCap MasterCost, POTS Dispatch Audit, NRC Audit, Verizon SIP GW RCF OCC Rate Audit, ADHOC, ILEC Dispute Ticket, Invoice Review, Close Review, Denied - Pending Review, Conference Call Request, Management Request, ADS Margin, ETF Audit</Audit_Type>

			<Confidence>A, B, C</Confidence>

			<Record_Type>MRC, FRAC, NRC, USAGE, LPC, TAS</Record_Type>

			<Short_Paid>Yes, No</Short_Paid>

			<Dispute_Status>Escalate, Acknowledged, Denied - Pending, Partial Approved, Approved, Denied - Closed, Paid</Dispute_Status>

		</Non-Seed_Disputes>

		<Dispute_Actions>

			<Required_Columns>Dispute_ID, Action</Required_Columns>

			<Action>
				<z:row Action='Escalate' Required_Columns='Dispute_ID,Action_Reason' />
				<z:row Action='Close' Required_Columns='Dispute_ID,Action_Norm_Reason,Action_Reason' />
				<z:row Action='Paid' Required_Columns='Dispute_ID,Amount,Credit_Invoice_Date' />
				<z:row Action='Denied' Required_Columns='Dispute_ID,Action_Reason' />
				<z:row Action='Approved' Required_Columns='Dispute_ID,Action_Reason,Amount' />
				<z:row Action='Dispute Note' Required_Columns='Dispute_ID,Action_Norm_Reason,Action_Reason' />
			</Action>

			<Action-Dispute_Note-Val>Email Julia, Email LV, Email LEC, Email Prov, Email Premier, Added to Conference Call, No Action, Escalated to GRT Management, Waiting, CAT Inquiry, Sent to Prov, Sent to LV, Internal Inquiry, Escalated, SOA Credit</Action-Dispute_Note-Val>

			<Action-Close-Val>Not reviewed in time, Charges Valid-Granite error, Charges Valid-ILEC info, Beyond dispute limitation, Dispute Closed due to Froniter Settlement June 2015, Submitting through other channels, Closed for lack of acknowledgement</Action-Close-Val>

		</Dispute_Actions>
	</CAT_Workbook>

</Settings>
</xml>